,no,ranking,bookname,authors,publisher,publication_year,isbn13,addition_symbol,vol,class_no,class_nm,bookImageURL,bookDtlUrl,loan_count
0,1,1,소년이 온다 :한강 장편소설 ,지은이: 한강,창비,2014,9788936434120,03810,,813.62,문학 > 한국문학 > 소설,http://image.aladin.co.kr/product/4086/97/cover/8936434128_2.jpg,https://data4library.kr/bookV?seq=2037399,6448
1,2,2,모순 :양귀자 장편소설 ,지은이: 양귀자,쓰다,2013,9788998441012,03810,,813.62,문학 > 한국문학 > 소설,https://bookthumb-phinf.pstatic.net/cover/071/902/07190270.jpg?type=m1&udate=20170801,https://data4library.kr/bookV?seq=1938053,5637
2,3,3,작별하지 않는다 :한강 장편소설 ,지은이: 한강,문학동네,2021,9788954682152,03810,,813.62,문학 > 한국문학 > 소설,https://image.aladin.co.kr/product/27877/5/cover/8954682154_1.jpg,https://data4library.kr/bookV?seq=6086446,5326
3,4,4,홍학의 자리 :정해연 장편소설 ,지은이: 정해연,문학동네,2021,9788954681155,03810,,813.7,문학 > 한국문학 > 소설,https://image.aladin.co.kr/product/27587/94/cover/8954681158_1.jpg,https://data4library.kr/bookV?seq=6050062,4993
4,5,5,나는 소망한다 내게 금지된 것을 :양귀자 장편소설 ,지은이: 양귀자,쓰다,2019,9788998441074,03810,,813.62,문학 > 한국문학 > 소설,https://image.aladin.co.kr/product/18936/52/cover/8998441071_1.jpg,https://data4library.kr/bookV?seq=5395822,4931
5,6,6,"물고기는 존재하지 않는다 :상실, 사랑 그리고 숨어 있는 삶의 질서에 관한 이야기 ",룰루 밀러 지음 ;정지인 옮김,곰출판,2021,9791189327156,03400,,490.99,자연과학 > 동물학 > 동물학,https://image.aladin.co.kr/product/28465/73/cover/k092835920_1.jpg,https://data4library.kr/bookV?seq=6360937,4483
6,7,7,지구 끝의 온실 :김초엽 장편소설 ,지은이: 김초엽,Giant Books(자이언트북스),2021,9791191824001,03810,,813.7,문학 > 한국문학 > 소설,https://image.aladin.co.kr/product/27692/63/cover/k082733434_1.jpg,https://data4library.kr/bookV?seq=6065686,4473
7,8,8,채식주의자 :한강 장편소설 ,지은이: 한강,창비,2022,9788936434595,03810,,813.62,문학 > 한국문학 > 소설,https://image.aladin.co.kr/product/29137/2/cover/8936434594_1.jpg,https://data4library.kr/bookV?seq=6428779,4034
8,9,9,급류 :정대건 장편소설 ,지은이: 정대건,민음사,2022,9788937473401,04810,,813.7,문학 > 한국문학 > 소설,https://image.aladin.co.kr/product/30769/24/cover/8937473402_1.jpg,https://data4library.kr/bookV?seq=6614564,3992
9,10,10,천 개의 파랑 :천선란 장편소설 ,지은이: 천선란,허블,2020,9791190090261,03810,,813.7,문학 > 한국문학 > 소설,https://image.aladin.co.kr/product/24895/69/cover/k882632470_2.jpg,https://data4library.kr/bookV?seq=5738747,3664
10,11,11,지구에서 한아뿐 :정세랑 장편소설 ,지은이: 정세랑,난다,2019,9791188862290,03810,,813.7,문학 > 한국문학 > 소설,https://image.aladin.co.kr/product/19804/82/cover/k072635131_1.jpg,https://data4library.kr/bookV?seq=5446546,3644
11,12,12,종의 기원 =정유정 장편소설 /The origin of species ,지은이: 정유정,은행나무,2016,9788956609959,03810,,813.7,문학 > 한국문학 > 소설,http://image.aladin.co.kr/product/7492/9/cover/8956609950_2.jpg,https://data4library.kr/bookV?seq=3151708,3586
12,13,13,"칵테일, 러브, 좀비 ",지은이: 조예은,안전가옥,2020,9791190174756,03810,,813.7,문학 > 한국문학 > 소설,https://image.aladin.co.kr/product/23736/85/cover/k692639764_1.jpg,https://data4library.kr/bookV?seq=5650149,3505
13,14,14,채식주의자:한강 연작소설,한강,창비,2007,9788936433598,03810,,813.6,문학 > 한국문학 > 소설,https://bookthumb-phinf.pstatic.net/cover/033/094/03309417.jpg?type=m1&udate=20180609,https://data4library.kr/bookV?seq=2155671,3464
14,15,15,바깥은 여름 :김애란 소설 ,지은이: 김애란,문학동네,2017,9788954646079,03810,,813.7,문학 > 한국문학 > 소설,http://image.aladin.co.kr/product/15533/81/cover/k852533629_1.jpg,https://data4library.kr/bookV?seq=3451595,3453
15,16,16,이끼숲 :천선란 연작소설 ,지은이: 천선란 ;일러스트: 점선면,자이언트북스,2023,9791191824216,03810,,813.7,문학 > 한국문학 > 소설,https://image.aladin.co.kr/product/31568/81/cover/k672832652_1.jpg,https://data4library.kr/bookV?seq=6682814,3327
16,17,17,우리가 빛의 속도로 갈 수 없다면 :김초엽 소설 ,지은이: 김초엽,허블,2019,9791190090018,03810,,813.7,문학 > 한국문학 > 소설,https://image.aladin.co.kr/product/19359/16/cover/s972635417_1.jpg,https://data4library.kr/bookV?seq=5430429,3203
17,18,18,밝은 밤 :최은영 장편소설 ,지은이: 최은영,문학동네,2021,9788954681179,03810,,813.7,문학 > 한국문학 > 소설,https://image.aladin.co.kr/product/27541/91/cover/8954681174_1.jpg,https://data4library.kr/bookV?seq=6045915,3043
18,19,19,트로피컬 나이트 =조예은 소설집 /Tropical night ,지은이: 조예은,한겨레엔,2022,9791160408331,03810,,813.7,문학 > 한국문학 > 소설,https://image.aladin.co.kr/product/29946/7/cover/k962838741_1.jpg,https://data4library.kr/bookV?seq=6541800,3040
19,20,20,단 한 사람 :최진영 장편소설 ,지은이: 최진영,한겨레엔,2023,9791160405750,03810,,813.7,문학 > 한국문학 > 소설,https://image.aladin.co.kr/product/32496/81/cover/k382935719_1.jpg,https://data4library.kr/bookV?seq=6764215,2928
20,21,21,귀신들의 땅 :천쓰홍 장편 소설 ,지은이: 천쓰홍 ;옮긴이: 김태성,민음사,2023,9788937454820,03820,,823.7,문학 > 중국문학 > 소설,https://image.aladin.co.kr/product/33119/32/cover/8937454823_1.jpg,https://data4library.kr/bookV?seq=6811808,2888
21,22,22,구의 증명 :최진영 소설 ,지은이: 최진영,은행나무,2015,9788956608556,03810,,813.7,문학 > 한국문학 > 소설,http://image.aladin.co.kr/product/5527/50/cover/8956608555_1.jpg,https://data4library.kr/bookV?seq=2619618,2865
22,23,23,파과 :구병모 장편소설 ,지은이: 구병모,위즈덤하우스 미디어그룹,2018,9791162203620,03810,,813.7,문학 > 한국문학 > 소설,http://image.aladin.co.kr/product/14224/40/cover/k872532537_1.jpg,https://data4library.kr/bookV?seq=3742540,2790
23,24,24,해가 지는 곳으로 :최진영 장편소설 ,지은이: 최진영,민음사,2017,9788937473166,04810,,813.7,문학 > 한국문학 > 소설,http://image.aladin.co.kr/product/11281/18/cover/893747316x_1.jpg,https://data4library.kr/bookV?seq=3468676,2759
24,25,25,돌이킬 수 있는 =문목하 장편소설 /Eversible ,지은이: 문목하,아작,2018,9791189015381,03810,,813.7,문학 > 한국문학 > 소설,https://image.aladin.co.kr/product/17531/63/cover/k062534304_1.jpg,https://data4library.kr/bookV?seq=5253241,2752
25,26,26,"시선으로부터, :정세랑 장편소설 ",지은이: 정세랑,문학동네,2020,9788954672214,03810,,813.7,문학 > 한국문학 > 소설,https://image.aladin.co.kr/product/24131/37/cover/8954672213_1.jpg,https://data4library.kr/bookV?seq=5674475,2750
26,27,27,불편한 편의점 :김호연 장편소설 ,지은이: 김호연,나무옆의자,2021,9791161571188,03810,,813.7,문학 > 한국문학 > 소설,https://image.aladin.co.kr/product/26942/84/cover/k582730818_1.jpg,https://data4library.kr/bookV?seq=5962217,2700
27,28,28,희랍어 시간 :한강 장편소설 ,지은이: 한강,문학동네,2011,9788954616515,03810,,813.62,문학 > 한국문학 > 소설,https://bookthumb-phinf.pstatic.net/cover/067/707/06770742.jpg?type=m1&udate=20170801,https://data4library.kr/bookV?seq=1207905,2607
28,29,29,모우어 :천선란 소설 ,지은이: 천선란,문학동네,2024,9791141601447,03810,,813.7,문학 > 한국문학 > 소설,https://image.aladin.co.kr/product/35099/68/cover200/k442934507_1.jpg,https://data4library.kr/bookV?seq=6969030,2592
29,30,30,이처럼 사소한 것들 :클레어 키건 소설 ,지은이: 클레어 키건 ;옮긴이: 홍한별,다산북스,2023,9791130646381,03840,,843.6,문학 > 영미문학 > 소설,https://shopping-phinf.pstatic.net/main_4390280/43902803626.20231108182642.jpg,https://data4library.kr/bookV?seq=6791651,2515
30,31,31,"도둑맞은 집중력 :집중력 위기의 시대, 삶의 주도권을 되찾는 법 ",요한 하리 지음 ;김하현 옮김,어크로스(어크로스출판그룹),2023,9791167740984,03180,,181.27,철학 > 심리학 > 각론,https://image.aladin.co.kr/product/31559/97/cover/k682832859_1.jpg,https://data4library.kr/bookV?seq=6682845,2465
31,32,32,두 사람의 인터내셔널 :김기태 소설 ,지은이: 김기태,문학동네,2024,9788954697941,03810,,813.7,문학 > 한국문학 > 소설,https://image.aladin.co.kr/product/33899/7/cover200/8954697941_1.jpg,https://data4library.kr/bookV?seq=6873522,2455
32,33,33,이중 하나는 거짓말 :김애란 장편소설 ,지은이: 김애란,문학동네,2024,9791141601300,03810,,813.7,문학 > 한국문학 > 소설,https://image.aladin.co.kr/product/34474/76/cover200/k292932634_1.jpg,https://data4library.kr/bookV?seq=6933234,2446
33,34,34,달러구트 꿈 백화점 :주문하신 꿈은 매진입니다 ,지은이: 이미예,팩토리나인,2020,9791165341909,03810,,813.7,문학 > 한국문학 > 소설,https://image.aladin.co.kr/product/24512/70/cover/k392630952_1.jpg,https://data4library.kr/bookV?seq=5707051,2427
34,35,35,아주 희미한 빛으로도 :최은영 소설 ,지은이: 최은영,문학동네,2023,9788954695053,03810,,813.7,문학 > 한국문학 > 소설,https://image.aladin.co.kr/product/32129/40/cover/8954695051_1.jpg,https://data4library.kr/bookV?seq=6738257,2424
35,36,36,내가 한 말을 내가 오해하지 않기로 함 ,지은이: 문상훈,위너스북,2024,9791189352745,03810,,818,문학 > 한국문학 > 르포르타주 및 기타,https://image.aladin.co.kr/product/33037/31/cover/k882937586_1.jpg,https://data4library.kr/bookV?seq=6806344,2413
36,37,37,"파쇄 :일단 마음먹고 칼을 집었으면, 뜸 들이지 마 ",지은이: 구병모,위즈덤하우스,2023,9791168127012,04810,,813.7,문학 > 한국문학 > 소설,https://image.aladin.co.kr/product/31273/29/cover/k592832565_1.jpg,https://data4library.kr/bookV?seq=6652567,2380
37,38,38,완전한 행복 :정유정 장편소설 ,지은이: 정유정,은행나무,2021,9791167370280,03810,,813.7,문학 > 한국문학 > 소설,https://image.aladin.co.kr/product/27225/29/cover/k432732398_2.jpg,https://data4library.kr/bookV?seq=5987427,2335
38,39,39,아가미 :구병모 장편소설 ,지은이: 구병모,위즈덤하우스,2018,9791162203392,03810,,813.7,문학 > 한국문학 > 소설,http://image.aladin.co.kr/product/13925/89/cover/k732532525_1.jpg,https://data4library.kr/bookV?seq=3732414,2281
39,40,40,프로젝트 헤일메리 ,앤디 위어 지음 ;강동혁 옮김,RHK(알에이치코리아),2021,9788925588735,04840,,843.6,문학 > 영미문학 > 소설,https://image.aladin.co.kr/product/27045/43/cover/8925588730_1.jpg,https://data4library.kr/bookV?seq=5969086,2259
40,41,40,대도시의 사랑법 :박상영 연작소설 ,지은이: 박상영,창비,2019,9788936437978,03810,,813.7,문학 > 한국문학 > 소설,https://image.aladin.co.kr/product/19543/91/cover/8936437976_1.jpg,https://data4library.kr/bookV?seq=5435897,2259
41,42,42,흰 :한강 소설 ,지은이: 한강,문학동네,2018,9788954651134,03810,,813.62,문학 > 한국문학 > 소설,http://image.aladin.co.kr/product/14322/3/cover/8954651135_1.jpg,https://data4library.kr/bookV?seq=3746119,2255
42,43,43,구의 증명 ,최진영 지음,은행나무,2023,9791167372864,03810,,813.7,문학 > 한국문학 > 소설,https://image.aladin.co.kr/product/31561/46/cover/k782832854_1.jpg,https://data4library.kr/bookV?seq=6682008,2223
43,44,44,오렌지와 빵칼 =청예 장편소설 /Orange and bread knife ,지은이: 청예,허블,2024,9791193078259,03810,,813.7,문학 > 한국문학 > 소설,https://image.aladin.co.kr/product/34259/77/cover200/k852932962_1.jpg,https://data4library.kr/bookV?seq=6901042,2216
44,45,45,입속 지느러미 :조예은 장편소설 ,지은이: 조예은,한겨레엔,2024,9791172130633,04810,,813.7,문학 > 한국문학 > 소설,https://image.aladin.co.kr/product/34002/54/cover200/k462930652_1.jpg,https://data4library.kr/bookV?seq=6879532,2212
45,46,46,비눗방울 퐁 :이유리 소설집 ,지은이: 이유리,민음사,2024,9788937428234,03810,,813.7,문학 > 한국문학 > 소설,https://image.aladin.co.kr/product/35183/28/cover200/8937428237_1.jpg,https://data4library.kr/bookV?seq=6973602,2175
46,47,47,사랑과 결함 :예소연 소설 ,지은이: 예소연,문학동네,2024,9791141601102,03810,,813.7,문학 > 한국문학 > 소설,https://image.aladin.co.kr/product/34366/96/cover200/k972932005_1.jpg,https://data4library.kr/bookV?seq=6922272,2118
47,48,48,파견자들 :김초엽 장편소설 ,지은이: 김초엽,퍼블리온,2023,9791191587524,03810,,813.7,문학 > 한국문학 > 소설,https://image.aladin.co.kr/product/32591/29/cover/k352935549_1.jpg,https://data4library.kr/bookV?seq=6772199,2117
48,49,49,용의자 X의 헌신 ,히가시노 게이고 지음 ;양억관 옮김,재인,2017,9788990982704,03830,,833.6,문학 > 일본문학 > 소설,https://bookthumb-phinf.pstatic.net/cover/124/818/12481857.jpg?type=m1&udate=20170914,https://data4library.kr/bookV?seq=3541024,2115
49,50,50,아이가 없는 집 ,지은이: 알렉스 안도릴 ;옮긴이: 유혜인,필름,2024,9791193262184,03850,,859.7,문학 > 독일문학 > 기타 게르만 문학,https://image.aladin.co.kr/product/34117/59/cover200/k962931994_1.jpg,https://data4library.kr/bookV?seq=6890223,2110
50,51,51,오로라 ,지은이: 최진영,위즈덤하우스,2024,9791168127500,04810,,813.7,문학 > 한국문학 > 소설,https://image.aladin.co.kr/product/33464/10/cover/k652938849_1.jpg,https://data4library.kr/bookV?seq=6834576,2102
51,52,52,스노볼 드라이브 :조예은 장편소설 ,지은이: 조예은,민음사,2021,9788937473319,04810,,813.7,문학 > 한국문학 > 소설,https://bookthumb-phinf.pstatic.net/cover/180/045/18004516.jpg?type=m1&udate=20210218,https://data4library.kr/bookV?seq=5882740,2080
52,53,52,돈은 좋지만 재테크는 겁나는 너에게 ,뿅글이 지음,첨단,2023,9788960306134,03320,,327.04,사회과학 > 경제학 > 금융,https://image.aladin.co.kr/product/30921/24/cover/8960306134_2.jpg,https://data4library.kr/bookV?seq=6627400,2080
53,54,54,왜 나는 너를 사랑하는가,알랭 드 보통 [지음];정영목 옮김,청미래,2007,9788986836240,03840,,843,문학 > 영미문학 > 소설,https://bookthumb-phinf.pstatic.net/cover/030/257/03025716.jpg?type=m1&udate=20180227,https://data4library.kr/bookV?seq=2130072,2055
54,55,55,테디베어는 죽지 않아 :조예은 장편소설 ,지은이: 조예은,안전가옥,2023,9791193024225,03810,,813.7,문학 > 한국문학 > 소설,https://image.aladin.co.kr/product/31862/4/cover/k292833420_1.jpg,https://data4library.kr/bookV?seq=6707466,2045
55,56,56,랑과 나의 사막 :천선란 소설 ,지은이: 천선란,H(현대문학),2022,9791167901354,04810,,813.7,문학 > 한국문학 > 소설,https://image.aladin.co.kr/product/30395/18/cover/k572830160_1.jpg,https://data4library.kr/bookV?seq=6580839,2030
56,57,57,(EBS 다큐프라임) 자본주의 ,EBS MEDIA 기획 ;EBS <자본주의> 제작팀 지음,가나문화콘텐츠,2013,9788957365793,03320,,322.01,사회과학 > 경제학 > 경제정책,https://bookthumb-phinf.pstatic.net/cover/073/148/07314866.jpg?type=m1&udate=20170801,https://data4library.kr/bookV?seq=1975179,2028
57,58,58,대온실 수리 보고서 :김금희 장편소설 ,지은이: 김금희,창비,2024,9788936439651,03810,,813.7,문학 > 한국문학 > 소설,https://image.aladin.co.kr/product/34712/24/cover200/8936439650_2.jpg,https://data4library.kr/bookV?seq=6950753,2010
58,59,59,어떤 물질의 사랑 :천선란 소설집 ,지은이: 천선란,아작,2020,9791165508340,03810,,813.7,문학 > 한국문학 > 소설,https://image.aladin.co.kr/product/24605/89/cover/k532631174_1.jpg,https://data4library.kr/bookV?seq=5708343,2000
59,60,60,혼모노 :성해나 소설집 ,지은이: 성해나,창비,2025,9788936439743,03810,,813.7,문학 > 한국문학 > 소설,https://image.aladin.co.kr/product/36101/66/cover200/893643974x_1.jpg,https://data4library.kr/bookV?seq=7035395,1999
60,61,61,자기 앞의 生 :에밀 아자르 장편소설 ,지은이: 에밀 아자르 ;옮긴이: 용경식,문학동네,2015,9788982816635,03860,,863,문학 > 프랑스문학 > 소설,http://image.aladin.co.kr/product/9751/78/cover/k472535448_1.jpg,https://data4library.kr/bookV?seq=279356,1993
61,62,62,적산가옥의 유령 :조예은 소설 ,지은이: 조예은,H(현대문학),2024,9791167902580,04810,,813.7,문학 > 한국문학 > 소설,https://image.aladin.co.kr/product/34286/38/cover200/k592932077_1.jpg,https://data4library.kr/bookV?seq=6905353,1969
62,63,63,브람스를 좋아하세요 ,프랑수아즈 사강 [지음] ;김남주 옮김,민음사,2008,9788937461798,04800,179,863,문학 > 프랑스문학 > 소설,https://bookthumb-phinf.pstatic.net/cover/045/694/04569434.jpg?type=m1&udate=20130412,https://data4library.kr/bookV?seq=2374505,1965
63,64,64,돈의 속성 :최상위 부자가 말하는 돈에 대한 모든 것 ,지은이: 김승호,Snowfox(스노우폭스북스),2020,9791188331796,03320,,327.04,사회과학 > 경제학 > 금융,https://image.aladin.co.kr/product/24191/64/cover/k562639753_1.jpg,https://data4library.kr/bookV?seq=5678862,1963
64,65,65,쇼코의 미소 :최은영 소설 ,지은이: 최은영,문학동네,2016,9788954641630,03810,,813.7,문학 > 한국문학 > 소설,https://bookthumb-phinf.pstatic.net/cover/107/859/10785953.jpg?type=m1&udate=20180717,https://data4library.kr/bookV?seq=3190615,1938
65,66,66,세이노의 가르침 :피보다 진하게 살아라 ,세이노 지음,데이원,2023,9791168473690,03190,,325.211,사회과학 > 경제학 > 경영관리,https://image.aladin.co.kr/product/30929/51/cover/k732831392_1.jpg,https://data4library.kr/bookV?seq=6628064,1917
66,67,67,미드나잇 라이브러리 ,매트 헤이그 지음 ;노진선 옮김,인플루엔셜,2021,9791191056556,03840,,843.6,문학 > 영미문학 > 소설,https://image.aladin.co.kr/product/26987/37/cover/k962730610_1.jpg,https://data4library.kr/bookV?seq=5965665,1905
67,68,68,방금 떠나온 세계 :김초엽 소설집 ,지은이: 김초엽,한겨레엔,2021,9791160406504,03810,,813.7,문학 > 한국문학 > 소설,https://image.aladin.co.kr/product/28170/22/cover/k032835560_1.jpg,https://data4library.kr/bookV?seq=6322276,1894
68,69,68,아주 작은 습관의 힘 :최고의 변화는 어떻게 만들어지는가 ,제임스 클리어 지음 ;이한이 옮김,비즈니스북스,2019,9791162540640,03190,,181.845,철학 > 심리학 > 각론,https://image.aladin.co.kr/product/18228/51/cover/k832534441_1.jpg,https://data4library.kr/bookV?seq=5368180,1894
69,70,70,나미야 잡화점의 기적 :히가시노 게이고 장편소설 ,지은이: 히가시노 게이고 ;옮긴이: 양윤옥,현대문학,2012,9788972756194,03830,,833.6,문학 > 일본문학 > 소설,http://image.aladin.co.kr/product/15848/6/cover/k622533431_1.jpg,https://data4library.kr/bookV?seq=1902173,1816
70,71,71,가면산장 살인사건 ,지은이: 히가시노 게이고 ;옮긴이: 김난주,재인,2014,9788990982575,03830,,833.6,문학 > 일본문학 > 소설,http://image.aladin.co.kr/product/4745/51/cover/899098257x_2.jpg,https://data4library.kr/bookV?seq=2427470,1795
71,72,72,(2500년 동안 사랑받은) 초역 부처의 말 :행복으로 가는 길은 없다 행복이 곧 길이다 ,코이케 류노스케 지음 ;박재현 옮김,콘텐츠그룹 포레스트,2024,9791193506516,03100,,224.2,"종교 > 불교 > 법어, 신앙록, 신앙생활",https://image.aladin.co.kr/product/33973/70/cover200/k682930444_1.jpg,https://data4library.kr/bookV?seq=6878420,1786
72,73,73,내가 틀릴 수도 있습니다 =숲속의 현자가 전하는 마지막 인생수업 /I may be wrong ,비욘 나티코 린데블라드 지음 ;박미경 옮김,다산북스,2022,9791130689890,03100,,220.4,종교 > 불교 > 불교,https://image.aladin.co.kr/product/29269/12/cover/k822837807_1.jpg,https://data4library.kr/bookV?seq=6445483,1772
73,74,74,싯다르타,헤르만 헤세 지음;박병덕 옮김,민음사,2002,9788937460586,04850,58,853,문학 > 독일문학 > 소설,http://image.aladin.co.kr/product/32/95/cover/8937460580_3.jpg,https://data4library.kr/bookV?seq=2404471,1759
74,75,75,내게 무해한 사람 :최은영 소설 ,지은이: 최은영,문학동네,2018,9788954651820,03810,,813.7,문학 > 한국문학 > 소설,https://image.aladin.co.kr/product/15133/51/cover/8954651828_1.jpg,https://data4library.kr/bookV?seq=3774162,1755
75,76,76,눈부신 안부 :백수린 장편소설 ,지은이: 백수린,문학동네,2023,9788954699372,03810,,813.7,문학 > 한국문학 > 소설,https://image.aladin.co.kr/product/31688/62/cover/8954699375_1.jpg,https://data4library.kr/bookV?seq=6694629,1754
76,77,77,저주토끼 (리커버),정보라 (지은이),아작,2022,9791166686665,,,,,https://image.aladin.co.kr/product/29084/68/cover/k122836656_1.jpg,https://data4library.kr/bookV?seq=6424905,1749
77,78,78,삼체 =The three body ,류츠신 지음 ;허유영 옮김,자음과모음,2020,9788954442695,04820,1,823.7,문학 > 중국문학 > 소설,https://image.aladin.co.kr/product/28912/65/cover/8954442692_1.jpg,https://data4library.kr/bookV?seq=5708402,1729
78,79,79,참을 수 없는 존재의 가벼움 ,지은이: 밀란 쿤데라 ;옮긴이: 이재룡,민음사,2018,9788937437564,03860,,892.96,문학 > 기타 제문학 > 인도-유럽계문학,http://image.aladin.co.kr/product/15251/16/cover/8937437562_1.jpg,https://data4library.kr/bookV?seq=3788932,1724
79,80,80,아몬드 :손원평 장편소설 ,지은이: 손원평,창비,2017,9788936434267,03810,,813.7,문학 > 한국문학 > 소설,http://image.aladin.co.kr/product/16839/4/cover/k492534773_1.jpg,https://data4library.kr/bookV?seq=3423096,1716
80,81,81,돈의 심리학 :당신은 왜 부자가 되지 못했는가 ,모건 하우절 지음 ;이지연 옮김,인플루엔셜,2021,9791191056372,03320,,327.04,사회과학 > 경제학 > 금융,https://image.aladin.co.kr/product/25967/85/cover/k412737326_1.jpg,https://data4library.kr/bookV?seq=5846583,1699
81,82,82,불편한 편의점 :김호연 장편소설,지은이: 김호연,나무옆의자,2022,9791161571379,03810,2,813.7,문학 > 한국문학 > 소설,https://image.aladin.co.kr/product/29858/98/cover/k432838027_1.jpg,https://data4library.kr/bookV?seq=6529613,1685
82,83,83,치치새가 사는 숲 :장진영 장편소설 ,지은이: 장진영,민음사,2023,9788937473852,04810,,813.7,문학 > 한국문학 > 소설,https://image.aladin.co.kr/product/32728/26/cover/8937473852_1.jpg,https://data4library.kr/bookV?seq=6778800,1678
83,84,84,부자 아빠 가난한 아빠 :20주년 특별 기념판 ,지은이: 로버트 기요사키 ;옮긴이: 안진환,민음인,2018,9791158883591,03320,,327.04,사회과학 > 경제학 > 금융,http://image.aladin.co.kr/product/13492/56/cover/k162532501_1.jpg,https://data4library.kr/bookV?seq=3701374,1670
84,85,85,날씨가 좋으면 찾아가겠어요 :이도우 장편소설 ,지은이: 이도우,시공사,2018,9788952791160,04810,,813.7,문학 > 한국문학 > 소설,https://image.aladin.co.kr/product/15411/84/cover/8952791169_1.jpg,https://data4library.kr/bookV?seq=3793737,1667
85,86,85,7년의 밤 :정유정 장편소설 ,지은이: 정유정,은행나무,2011,9788956604992,03810,,813.7,문학 > 한국문학 > 소설,http://image.aladin.co.kr/product/14712/55/cover/k202532053_1.jpg,https://data4library.kr/bookV?seq=1153285,1667
86,87,87,노르웨이의 숲 =Norwegian wood ,지은이: 무라카미 하루키 ;옮긴이: 양억관,민음사,2017,9788937434488,03830,,833.6,문학 > 일본문학 > 소설,https://bookthumb-phinf.pstatic.net/cover/124/287/12428742.jpg?type=m1&udate=20170930,https://data4library.kr/bookV?seq=3535735,1662
87,88,88,피프티 피플 :정세랑 장편소설 ,지은이: 정세랑,창비,2016,9788936434243,03810,,813.7,문학 > 한국문학 > 소설,https://bookthumb-phinf.pstatic.net/cover/113/062/11306271.jpg?type=m1&udate=20180117,https://data4library.kr/bookV?seq=3391014,1661
88,89,89,나는 메트로폴리탄 미술관의 경비원입니다 :가장 경이로운 세계 속으로 숨어버린 한 남자의 이야기 ,패트릭 브링리 지음 ;조현주 옮김,웅진씽크빅,2023,9788901276533,03840,,848,문학 > 영미문학 > 르포르타주 및 기타,https://image.aladin.co.kr/product/32892/38/cover/8901276534_2.jpg,https://data4library.kr/bookV?seq=6793850,1660
89,90,90,유령의 마음으로 :임선우 소설집 ,지은이: 임선우,민음사,2022,9788937442698,03810,,813.7,문학 > 한국문학 > 소설,https://image.aladin.co.kr/product/29154/60/cover/8937442698_1.jpg,https://data4library.kr/bookV?seq=6431218,1641
90,91,91,GV 빌런 고태경 :2020 한경신춘문예 당선작 ,지은이: 정대건,은행나무,2020,9791190492430,03810,,813.7,문학 > 한국문학 > 소설,https://image.aladin.co.kr/product/23800/67/cover/k842639085_1.jpg,https://data4library.kr/bookV?seq=5654855,1633
91,92,92,미키7 :에드워드 애슈턴 SF 장편소설 ,지은이: 에드워드 애슈턴 ;옮긴이: 배지혜,황금가지,2022,9791170521730,03840,,843.6,문학 > 영미문학 > 소설,https://image.aladin.co.kr/product/29857/51/cover/k202838025_1.jpg,https://data4library.kr/bookV?seq=6529616,1631
92,93,93,달러구트 꿈 백화점 :이미예 장편소설,지은이: 이미예,팩토리나인,2021,9791165343729,03810,2,813.7,문학 > 한국문학 > 소설,https://image.aladin.co.kr/product/27587/47/cover/k962733015_1.jpg,https://data4library.kr/bookV?seq=6049391,1620
93,94,94,내가 되는 꿈 :최진영 장편소설 ,지은이: 최진영,H(현대문학),2021,9791190885621,04810,,813.7,문학 > 한국문학 > 소설,https://image.aladin.co.kr/product/26021/21/cover/k892738836_1.jpg,https://data4library.kr/bookV?seq=5928142,1619
94,95,95,아버지의 해방일지 :정지아 장편소설 ,지은이: 정지아,창비,2022,9788936438838,03810,,813.62,문학 > 한국문학 > 소설,https://image.aladin.co.kr/product/30048/51/cover/8936438832_1.jpg,https://data4library.kr/bookV?seq=6551957,1608
95,96,96,마흔에 읽는 쇼펜하우어 :마음의 위기를 다스리는 철학 수업 ,강용수 지음,유노콘텐츠그룹,2023,9791192300818,03160,,165.47,"철학 > 서양철학 > 독일, 오스트리아철학",https://image.aladin.co.kr/product/32361/59/cover/k592935565_1.jpg,https://data4library.kr/bookV?seq=6754766,1598
96,97,97,비행운 :김애란 소설집 ,지은이: 김애란,문학과지성사,2012,9788932023151,03810,,813.7,문학 > 한국문학 > 소설,http://image.aladin.co.kr/product/1801/21/cover/8932023158_1.jpg,https://data4library.kr/bookV?seq=1855307,1595
97,98,97,영원한 천국 :정유정 장편소설 ,지은이: 정유정,은행나무,2024,9791167374561,03810,,813.7,문학 > 한국문학 > 소설,https://image.aladin.co.kr/product/34499/81/cover200/k712932751_1.jpg,https://data4library.kr/bookV?seq=6934298,1595
98,99,99,이상한 집 ,우케쓰 지음 ;김은모 옮김,디앤씨미디어,2022,9791197708572,03830,,833.6,문학 > 일본문학 > 소설,https://image.aladin.co.kr/product/30346/94/cover/k252839542_1.jpg,https://data4library.kr/bookV?seq=6577035,1594
99,100,100,만조를 기다리며 :우리 숨바꼭질 기억해? ,지은이: 조예은,위즈덤하우스,2023,9791168127128,04810,,813.7,문학 > 한국문학 > 소설,https://image.aladin.co.kr/product/31681/11/cover/k062833889_1.jpg,https://data4library.kr/bookV?seq=6693802,1580
100,101,101,나는 왜 남들보다 쉽게 지칠까 :무던해 보이지만 누구보다 예민한 HSP를 위한 심리학 ,최재훈 지음,서스테인,2024,9791193388075,03180,,182.12,철학 > 심리학 > 차이심리학,https://image.aladin.co.kr/product/34214/60/cover200/k482931035_1.jpg,https://data4library.kr/bookV?seq=6896698,1569
101,102,102,당신이 누군가를 죽였다 ,지은이: 히가시노 게이고 ;옮긴이: 최고은,교보문고,2024,9791170611561,03830,,833.6,문학 > 일본문학 > 소설,https://image.aladin.co.kr/product/34292/25/cover200/k692932177_1.jpg,https://data4library.kr/bookV?seq=6905647,1568
102,103,103,공룡의 이동 경로 :김화진 소설 ,지은이: 김화진,스위밍꿀,2023,9791196074470,03810,,813.7,문학 > 한국문학 > 소설,https://image.aladin.co.kr/product/32191/5/cover/k422834326_1.jpg,https://data4library.kr/bookV?seq=6742359,1567
103,104,104,사랑의 기술 ,에리히 프롬 지음 ;황문수 옮김,문예출판사,2019,9788931011623,03180,,181.71,철학 > 심리학 > 각론,https://image.aladin.co.kr/product/20329/93/cover/8931011628_1.jpg,https://data4library.kr/bookV?seq=5463382,1565
104,105,105,너의 유토피아 :정보라 소설집 ,지은이: 정보라,인플루엔셜,2025,9791168342569,03810,,813.7,문학 > 한국문학 > 소설,https://image.aladin.co.kr/product/35549/91/cover200/k752036371_1.jpg,https://data4library.kr/bookV?seq=7000596,1505
105,106,106,두고 온 여름 :성해나 소설 ,지은이: 성해나,창비,2023,9788936439002,03810,,813.7,문학 > 한국문학 > 소설,https://image.aladin.co.kr/product/31294/95/cover/8936439006_1.jpg,https://data4library.kr/bookV?seq=6654295,1496
106,107,106,살인자의 기억법 :김영하 장편소설 ,지은이: 김영하,문학동네,2013,9788954622035,03810,,813.62,문학 > 한국문학 > 소설,https://bookthumb-phinf.pstatic.net/cover/072/622/07262295.jpg?type=m1&udate=20180314,https://data4library.kr/bookV?seq=1962014,1496
107,108,106,(The) money book :잘 살아갈 우리를 위한 금융생활 안내서 ,토스 엮음,비바리퍼블리카,2024,9791198686114,03320,,327.04,사회과학 > 경제학 > 금융,https://image.aladin.co.kr/product/34009/78/cover200/k772931867_1.jpg,https://data4library.kr/bookV?seq=6880703,1496
108,109,109,인간 실격,다자이 오사무 지음;김춘미 옮김,민음사,2004,9788937461033,04830,103,833.6,문학 > 일본문학 > 소설,https://bookthumb-phinf.pstatic.net/cover/001/510/00151055.jpg?type=m1&udate=20130129,https://data4library.kr/bookV?seq=2376187,1484
109,110,109,재와 물거품 ,지은이: 김청귤,안전가옥,2021,9791191193114,03810,,813.7,문학 > 한국문학 > 소설,https://image.aladin.co.kr/product/27256/81/cover/k192732699_1.jpg,https://data4library.kr/bookV?seq=5996596,1484
110,111,111,공정하다는 착각 :능력주의는 모두에게 같은 기회를 제공하는가 ,마이클 샌델 지음 ;함규진 옮김,미래엔,2020,9791164136452,03300,,332.6,"사회과학 > 사회학, 사회문제 > 사회조직 및 제도",https://image.aladin.co.kr/product/25470/6/cover/k092633826_1.jpg,https://data4library.kr/bookV?seq=5791228,1474
111,112,112,서랍에 저녁을 넣어 두었다 :한강 시집 ,지은이: 한강,문학과지성사,2013,9788932024639,03810,,811.62,문학 > 한국문학 > 시,http://image.aladin.co.kr/product/3335/59/cover/8932024634_3.jpg,https://data4library.kr/bookV?seq=1991954,1470
112,113,113,타이탄의 도구들 :1만 시간의 법칙을 깬 거인들의 61가지 전략 ,팀 페리스 지음 ;정지현 옮김,Tornado(토네이도),2017,9791158510619,03190,,325.211,사회과학 > 경제학 > 경영관리,http://image.aladin.co.kr/product/10590/57/cover/k162530537_1.jpg,https://data4library.kr/bookV?seq=3423727,1469
113,114,114,탕비실 :이미예 소설 ,지은이: 이미예,오팬하우스,2024,9791198809940,03810,,813.7,문학 > 한국문학 > 소설,https://image.aladin.co.kr/product/34193/41/cover200/k602931315_1.jpg,https://data4library.kr/bookV?seq=6894621,1463
114,115,115,율의 시선 :김민서 장편소설 ,지은이: 김민서,창비,2024,9788936457259,43810,,813.7,문학 > 한국문학 > 소설,https://image.aladin.co.kr/product/33858/83/cover200/893645725x_1.jpg,https://data4library.kr/bookV?seq=6869283,1461
115,116,116,당신은 결국 무엇이든 해내는 사람 :김상현 에세이 ,지은이: 김상현,필름(필름출판사),2022,9791188469994,03810,,818,문학 > 한국문학 > 르포르타주 및 기타,https://image.aladin.co.kr/product/29234/19/cover/k572837292_1.jpg,https://data4library.kr/bookV?seq=6441556,1458
116,117,117,회색 인간 ,지은이: 김동식,요다,2017,9791196222628,04810,,813.7,문학 > 한국문학 > 소설,https://bookthumb-phinf.pstatic.net/cover/130/093/13009319.jpg?type=m1&udate=20180307,https://data4library.kr/bookV?seq=3680366,1444
117,118,117,"어서오세요, 휴남동 서점입니다 :황보름 장편소설 ",지은이: 황보름,클레이하우스,2022,9791197377143,03810,,813.7,문학 > 한국문학 > 소설,https://image.aladin.co.kr/product/28685/95/cover/k362836265_1.jpg,https://data4library.kr/bookV?seq=6389692,1444
118,119,119,메리골드 마음 세탁소 =윤정은 장편소설 /Marigold mind laundry ,글: 윤정은,북로망스,2023,9791191891287,03810,,813.7,문학 > 한국문학 > 소설,https://image.aladin.co.kr/product/31222/5/cover/k562831250_2.jpg,https://data4library.kr/bookV?seq=6648006,1430
119,120,120,도파민네이션 :쾌락 과잉 시대에서 균형 찾기 ,애나 렘키 지음 ;김두완 옮김,흐름출판,2022,9788965965046,03180,,181.71,철학 > 심리학 > 각론,https://image.aladin.co.kr/product/29125/5/cover/8965965047_1.jpg,https://data4library.kr/bookV?seq=6428072,1426
120,121,121,가재가 노래하는 곳 :델리아 오언스 장편소설 ,지은이: 델리아 오언스 ;옮긴이: 김선형,살림출판사,2019,9788952240569,03840,,843.6,문학 > 영미문학 > 소설,https://image.aladin.co.kr/product/19469/77/cover/8952240561_2.jpg,https://data4library.kr/bookV?seq=5429697,1419
121,122,122,광인 :이혁진 장편소설 ,지은이: 이혁진,민음사,2023,9788937454677,03810,,813.7,문학 > 한국문학 > 소설,https://image.aladin.co.kr/product/33001/45/cover/893745467x_1.jpg,https://data4library.kr/bookV?seq=6804200,1413
122,123,122,행성어 서점 :김초엽 짧은 소설 ,지은이: 김초엽 ;그린이: 최인호,마음산책,2021,9788960907003,03810,,813.7,문학 > 한국문학 > 소설,https://image.aladin.co.kr/product/28219/93/cover/8960907006_1.jpg,https://data4library.kr/bookV?seq=6326208,1413
123,124,124,"오늘 밤, 세계에서 이 사랑이 사라진다 해도 ",이치조 미사키 지음 ;권영주 옮김,바이포엠,2021,9791191043297,03830,,833.6,문학 > 일본문학 > 소설,https://image.aladin.co.kr/product/27407/79/cover/k362732558_1.jpg,https://data4library.kr/bookV?seq=6036502,1403
124,125,125,다정한 것이 살아남는다 ,"지은이: 브라이언 헤어,옮긴이: 이민아",디플롯,2021,9791197413025,03400,,182.4,철학 > 심리학 > 차이심리학,https://image.aladin.co.kr/product/27608/83/cover/k722733028_1.jpg,https://data4library.kr/bookV?seq=6060921,1402
125,126,126,작별인사 :김영하 장편소설 ,지은이: 김영하,복복서가,2022,9791191114225,03810,,813.62,문학 > 한국문학 > 소설,https://image.aladin.co.kr/product/29281/68/cover/k122837904_1.jpg,https://data4library.kr/bookV?seq=6446085,1383
126,127,127,"사피엔스 :유인원에서 사이보그까지, 인간 역사의 대담하고 위대한 질문 ",지은이: 유발 하라리 ;옮긴이: 조현욱,김영사,2015,9788934972464,03900,,909,"역사 > 역사 > 세계사, 세계문화사",https://bookthumb-phinf.pstatic.net/cover/097/807/09780781.jpg?type=m1&udate=20180721,https://data4library.kr/bookV?seq=3027835,1359
127,128,128,고래:천명관 장편소설,천명관 지음,문학동네,2004,9788982819278,03810,,813.6,문학 > 한국문학 > 소설,https://bookthumb-phinf.pstatic.net/cover/014/849/01484987.jpg?type=m1&udate=20130128,https://data4library.kr/bookV?seq=828740,1356
128,129,129,고백 :미나토 가나에 장편소설 ,지은이: 미나토 가나에 ;옮긴이: 김선영,비채,2009,9788992036962,03830,,833.6,문학 > 일본문학 > 소설,https://bookthumb-phinf.pstatic.net/cover/060/964/06096464.jpg?type=m1&udate=20180420,https://data4library.kr/bookV?seq=1007904,1353
129,130,130,직장 상사 악령 퇴치부 :이사구 연작소설집 ,지은이: 이사구,황금가지,2024,9791170523550,03810,,813.7,문학 > 한국문학 > 소설,https://image.aladin.co.kr/product/33464/16/cover/k882938849_1.jpg,https://data4library.kr/bookV?seq=6835059,1347
130,131,131,H마트에서 울다 ,미셸 자우너 지음 ;정혜윤 옮김,문학동네,2022,9788954683371,03840,,848,문학 > 영미문학 > 르포르타주 및 기타,https://image.aladin.co.kr/product/28962/10/cover/8954683371_1.jpg,https://data4library.kr/bookV?seq=6412735,1345
131,132,132,긴키 지방의 어느 장소에 대하여 :세스지 장편소설 ,지은이: 세스지 ;옮긴이: 전선영,오팬하우스,2025,9791194654063,03830,,833.6,문학 > 일본문학 > 소설,https://image.aladin.co.kr/product/36160/30/cover200/k472038888_1.jpg,https://data4library.kr/bookV?seq=7040759,1344
132,133,133,불안 ,지은이: 알랭 드 보통 ;정영목 옮김,은행나무,2012,9788956605593,03840,,332.6,"사회과학 > 사회학, 사회문제 > 사회조직 및 제도",https://bookthumb-phinf.pstatic.net/cover/067/930/06793081.jpg?type=m1&udate=20171011,https://data4library.kr/bookV?seq=1226611,1341
133,134,134,버드 스트라이크 :구병모 장편소설 ,지은이: 구병모,창비,2019,9788936434359,03810,,813.7,문학 > 한국문학 > 소설,https://image.aladin.co.kr/product/18564/54/cover/8936434357_1.jpg,https://data4library.kr/bookV?seq=5374564,1340
134,135,135,궤도 ,지은이: 서맨사 하비 ;옮긴이: 송예슬,서해문집,2025,9791194413394,03840,,843.6,문학 > 영미문학 > 소설,https://image.aladin.co.kr/product/36599/6/cover200/k212030767_1.jpg,https://data4library.kr/bookV?seq=7079323,1326
135,136,136,악마의 계약서는 만기 되지 않는다 :리러하 장편소설 ,지은이: 리러하,팩토리나인,2022,9791165345839,03810,,813.7,문학 > 한국문학 > 소설,https://image.aladin.co.kr/product/29885/33/cover/k712838837_1.jpg,https://data4library.kr/bookV?seq=6535280,1301
136,137,137,여름의 빌라 :백수린 소설 ,지은이: 백수린,문학동네,2020,9788954673105,03810,,813.7,문학 > 한국문학 > 소설,https://image.aladin.co.kr/product/24489/98/cover/8954673104_1.jpg,https://data4library.kr/bookV?seq=5703910,1300
137,138,137,쓰게 될 것 :최진영 소설집 ,지은이: 최진영,안온(안온북스),2024,9791192638379,03810,,813.7,문학 > 한국문학 > 소설,https://image.aladin.co.kr/product/34127/18/cover200/k202931193_1.jpg,https://data4library.kr/bookV?seq=6890591,1300
138,139,139,너무나 많은 여름이 ,김연수 지음,레제,2023,9791196722012,03810,,813.62,문학 > 한국문학 > 소설,https://image.aladin.co.kr/product/31955/43/cover/k372833255_1.jpg,https://data4library.kr/bookV?seq=6718338,1293
139,140,140,데미안 ,지은이: 헤르만 헤세 ;옮긴이: 전영애,민음사,2000,9788937460449,04850,44,853,문학 > 독일문학 > 소설,https://bookthumb-phinf.pstatic.net/cover/000/051/00005186.jpg?type=m1&udate=20160509,https://data4library.kr/bookV?seq=2374415,1291
140,141,141,노랜드 :천선란 소설집 ,지은이: 천선란,한겨레엔,2022,9791160404944,03810,,813.7,문학 > 한국문학 > 소설,https://image.aladin.co.kr/product/29647/97/cover/k862838785_1.jpg,https://data4library.kr/bookV?seq=6482649,1289
141,142,142,"궤도의 밖에서, 나의 룸메이트에게 :전삼혜 장편소설 ",지은이: 전삼혜,문학동네,2021,9788954679527,03810,,813.7,문학 > 한국문학 > 소설,https://image.aladin.co.kr/product/27171/17/cover/8954679528_1.jpg,https://data4library.kr/bookV?seq=5984123,1284
142,143,143,파친코 :이민진 장편소설 ,지은이: 이민진 ;옮긴이: 신승미,인플루엔셜,2022,9791168340510,04840,1,843.6,문학 > 영미문학 > 소설,https://image.aladin.co.kr/product/29496/39/cover/k202838509_2.jpg,https://data4library.kr/bookV?seq=6512857,1277
143,144,144,리틀 라이프 :한야 야나기하라 장편소설,지은이: 한야 야나기하라 ;옮긴이: 권진아,시공사,2016,9788952776372,04840,1,843.6,문학 > 영미문학 > 소설,https://bookthumb-phinf.pstatic.net/cover/107/367/10736725.jpg?type=m1&udate=20160616,https://data4library.kr/bookV?seq=3172390,1276
144,145,145,다섯 번째 감각 :김보영 소설집 ,지은이: 김보영,아작,2022,9791166686603,03810,,813.7,문학 > 한국문학 > 소설,https://image.aladin.co.kr/product/28736/71/cover/k442836780_1.jpg,https://data4library.kr/bookV?seq=6393113,1275
145,146,146,지적 대화를 위한 넓고 얕은 지식 :한 권으로 현실 세계를 통달하는 지식 여행서,채사장 지음,Whale Books(웨일북),2020,9791190313186,03100,1,001.3,"총류 > 총류 > 지식, 학문 일반",https://image.aladin.co.kr/product/22872/79/cover/k992636841_2.jpg,https://data4library.kr/bookV?seq=5584764,1271
146,147,147,밤에 찾아오는 구원자 :천선란 장편소설 ,지은이: 천선란,안전가옥,2021,9791191193138,03810,,813.7,문학 > 한국문학 > 소설,https://image.aladin.co.kr/product/27143/76/cover/k502732328_1.jpg,https://data4library.kr/bookV?seq=6002751,1266
147,148,148,히든 픽처스 ,제이슨 르쿨락 지음 ;유소영 옮김,문학수첩,2024,9791193790083,03840,,843.6,문학 > 영미문학 > 소설,https://image.aladin.co.kr/product/33837/69/cover200/k582930998_1.jpg,https://data4library.kr/bookV?seq=6864761,1258
148,149,149,"악마와 함께 춤을 :시기, 질투, 분노는 어떻게 삶의 거름이 되는가 ",크리스타 K. 토마슨 지음 ;한재호 옮김,흐름출판,2024,9788965966814,03100,,181.7,철학 > 심리학 > 각론,https://image.aladin.co.kr/product/35408/73/cover200/8965966817_1.jpg,https://data4library.kr/bookV?seq=6990327,1255
149,150,149,원씽 :복잡한 세상을 이기는 단순함의 힘 ,"게리 켈러,구세희 옮김",비즈니스북스,2013,9788997575169,13190,,325.04,사회과학 > 경제학 > 경영관리,https://bookthumb-phinf.pstatic.net/cover/072/793/07279338.jpg?type=m1&udate=20171117,https://data4library.kr/bookV?seq=1967433,1255
150,151,151,나인 :천선란 장편소설 ,지은이: 천선란,창비,2021,9788936438609,03810,,813.7,문학 > 한국문학 > 소설,https://image.aladin.co.kr/product/28218/87/cover/8936438603_1.jpg,https://data4library.kr/bookV?seq=6326210,1254
151,152,152,눈에 갇힌 외딴 산장에서,"히가시노 게이고 (지은이), 김난주 (옮긴이)",재인,2023,9791192483191,,,,,https://image.aladin.co.kr/product/32089/67/cover/k522834190_1.jpg,https://data4library.kr/bookV?seq=6734083,1247
152,153,153,1차원이 되고 싶어 :박상영 장편소설 ,지은이: 박상영,문학동네,2021,9788954682749,03810,,813.7,문학 > 한국문학 > 소설,https://image.aladin.co.kr/product/28031/82/cover/895468274x_1.jpg,https://data4library.kr/bookV?seq=6309156,1229
153,154,154,여행의 이유 :김영하 산문 ,지은이: 김영하,문학동네,2019,9788954655972,03810,,816.62,"문학 > 한국문학 > 일기, 서간, 기행",https://image.aladin.co.kr/product/18827/60/cover/8954655971_2.jpg,https://data4library.kr/bookV?seq=5390731,1222
154,155,155,흰 :한강 소설 ,지은이: 한강,문학동네,2016,9788954640718,03810,,813.62,문학 > 한국문학 > 소설,http://image.aladin.co.kr/product/8466/1/cover/k712535369_1.jpg,https://data4library.kr/bookV?seq=3153205,1216
155,156,156,트러스트 :에르난 디아스 장편소설 ,지은이: 에르난 디아스 ;옮긴이: 강동혁,문학동네,2023,9788954691673,03840,,843.6,문학 > 영미문학 > 소설,https://image.aladin.co.kr/product/31180/30/cover/8954691676_1.jpg,https://data4library.kr/bookV?seq=6645288,1198
156,157,157,생각 중독 :불안과 후회를 끊어내고 오늘을 사는 법 ,닉 트렌턴 지음 ;박지선 옮김,웅진씽크빅,2024,9788901280486,03180,,181.7,철학 > 심리학 > 각론,https://image.aladin.co.kr/product/33516/57/cover/8901280485_1.jpg,https://data4library.kr/bookV?seq=6837947,1196
157,158,158,파과 :구병모 장편소설 ,지은이: 구병모,자음과모음,2013,9788957077740,03810,,813.7,문학 > 한국문학 > 소설,https://bookthumb-phinf.pstatic.net/cover/072/689/07268920.jpg?type=m1&udate=20150801,https://data4library.kr/bookV?seq=1962669,1191
158,159,158,파친코 :이민진 장편소설,이민진 지음 ;이미정 옮김,문학사상,2018,9788970129815,04840,1,843.6,문학 > 영미문학 > 소설,https://bookthumb-phinf.pstatic.net/cover/134/282/13428208.jpg?type=m1&udate=20180331,https://data4library.kr/bookV?seq=3723218,1191
159,160,160,선량한 차별주의자 ,김지혜 지음,창비,2019,9788936477196,03300,,334,"사회과학 > 사회학, 사회문제 > 사회문제",https://image.aladin.co.kr/product/19874/76/cover/8936477196_1.jpg,https://data4library.kr/bookV?seq=5448422,1186
160,161,161,세상의 마지막 기차역 ,무라세 다케시 지음 ;김지연 옮김,바이포엠 스튜디오,2022,9791191043754,03830,,833.6,문학 > 일본문학 > 소설,https://image.aladin.co.kr/product/29442/51/cover/k762837520_1.jpg,https://data4library.kr/bookV?seq=6460241,1175
161,162,162,데일 카네기 인간관계론 ,데일 카네기 지음 ;임상훈 옮김,현대지성,2019,9791187142560,03320,,331.18,"사회과학 > 사회학, 사회문제 > 사회학",https://image.aladin.co.kr/product/20945/79/cover/k032636279_1.jpg,https://data4library.kr/bookV?seq=5484946,1170
162,163,163,역행자 :돈·시간·운명으로부터 완전한 자유를 얻는 7단계 인생 공략집 ,자청 지음,웅진씽크빅,2022,9788901260716,03320,,325.211,사회과학 > 경제학 > 경영관리,https://image.aladin.co.kr/product/29521/63/cover/8901260719_1.jpg,https://data4library.kr/bookV?seq=6468069,1168
163,164,164,봉제인형 살인사건 :다니엘 콜 장편소설 ,저자: 다니엘 콜 ;옮긴이: 유혜인,Book plaza(북플라자),2017,9788998274931,03840,,843.6,문학 > 영미문학 > 소설,https://image.aladin.co.kr/product/11997/87/cover/8998274930_1.jpg,https://data4library.kr/bookV?seq=3649594,1167
164,165,165,마법소녀 은퇴합니다 :박서련 소설 ,지은이: 박서련,창비,2022,9788936438739,03810,,813.7,문학 > 한국문학 > 소설,https://image.aladin.co.kr/product/29250/64/cover/8936438735_1.jpg,https://data4library.kr/bookV?seq=6442398,1162
165,166,166,악의 ,지은이: 히가시노 게이고 ;옮긴이: 양윤옥,현대문학,2019,9788972750031,04830,,833.6,문학 > 일본문학 > 소설,,https://data4library.kr/bookV?seq=606072,1161
166,167,167,러브 몬스터 =이두온 장편소설 /Love monster ,지은이: 이두온,창비,2023,9788936438999,03810,,813.7,문학 > 한국문학 > 소설,https://image.aladin.co.kr/product/31010/63/cover/8936438999_1.jpg,https://data4library.kr/bookV?seq=6632987,1155
167,168,168,미움받을 용기 :자유롭고 행복한 삶을 위한 아들러의 가르침 ,"기시미 이치로,전경아 옮김",인플루엔셜,2014,9788996991342,13180,,189.2,철학 > 심리학 > 응용심리학 일반,https://bookthumb-phinf.pstatic.net/cover/083/399/08339910.jpg?type=m1&udate=20180616,https://data4library.kr/bookV?seq=2396926,1148
168,169,169,한 스푼의 시간 :구병모 장편소설 ,지은이: 구병모,위즈덤하우스,2016,9788959130580,03810,,813.7,문학 > 한국문학 > 소설,http://image.aladin.co.kr/product/9131/24/cover/8959130583_1.jpg,https://data4library.kr/bookV?seq=3326576,1147
169,170,170,맡겨진 소녀 :클레어 키건 소설 ,지은이: 클레어 키건 ;옮긴이: 허진,다산북스,2023,9791130698199,03840,,843.6,문학 > 영미문학 > 소설,https://image.aladin.co.kr/product/31555/26/cover/k832832758_1.jpg,https://data4library.kr/bookV?seq=6681980,1144
170,171,171,동경 :김화진 장편소설 ,지은이: 김화진,문학동네,2024,9791141600785,03810,,813.7,문학 > 한국문학 > 소설,https://image.aladin.co.kr/product/34132/96/cover200/k852931293_1.jpg,https://data4library.kr/bookV?seq=6891635,1138
171,172,172,목소리를 드릴게요 :정세랑 소설집 ,지은이: 정세랑,아작,2020,9791165300005,03810,,813.7,문학 > 한국문학 > 소설,https://image.aladin.co.kr/product/22246/11/cover/k842636722_1.jpg,https://data4library.kr/bookV?seq=5549987,1134
172,173,172,여름은 고작 계절 :김서해 장편소설 ,지은이: 김서해,위즈덤하우스,2025,9791171713929,03810,,813.7,문학 > 한국문학 > 소설,https://image.aladin.co.kr/product/36659/27/cover200/k712030086_1.jpg,https://data4library.kr/bookV?seq=7086304,1134
173,174,174,어른의 행복은 조용하다 ,글: 태수,페이지2북스,2024,9791169851053,03810,,818,문학 > 한국문학 > 르포르타주 및 기타,https://image.aladin.co.kr/product/35063/62/cover200/k532934196_1.jpg,https://data4library.kr/bookV?seq=6966282,1132
174,175,174,자몽살구클럽,한로로 (HANRORO) (지은이),어센틱,2025,9791199305304,,,,,https://image.aladin.co.kr/product/36808/37/cover200/k082030009_1.jpg,https://data4library.kr/bookV?seq=7095794,1132
175,176,176,제철 행복 :김신지 에세이 ,지은이: 김신지,인플루엔셜,2024,9791168341890,03810,,818,문학 > 한국문학 > 르포르타주 및 기타,https://image.aladin.co.kr/product/33842/43/cover200/k982930091_1.jpg,https://data4library.kr/bookV?seq=6865324,1125
176,177,177,브로콜리 펀치 :이유리 소설집 ,지은이: 이유리,문학과지성사,2021,9788932039114,03810,,813.7,문학 > 한국문학 > 소설,https://image.aladin.co.kr/product/28210/51/cover/8932039119_1.jpg,https://data4library.kr/bookV?seq=6326236,1123
177,178,178,도시와 그 불확실한 벽 :무라카미 하루키 장편소설 ,지은이: 무라카미 하루키 ;옮긴이: 홍은주,문학동네,2023,9788954699075,03830,,833.6,문학 > 일본문학 > 소설,https://image.aladin.co.kr/product/32355/30/cover/8954699073_1.jpg,https://data4library.kr/bookV?seq=6753686,1116
178,179,179,녹나무의 파수꾼 =The camphorwood custodian ,저자: 히가시노 게이고 ;옮긴이: 양윤옥,소미미디어,2020,9791165075064,03830,,833.6,문학 > 일본문학 > 소설,https://image.aladin.co.kr/product/23456/86/cover/k362638685_1.jpg,https://data4library.kr/bookV?seq=5609821,1112
179,180,180,하우스 메이드 ,프리다 맥파든 지음 ;김은영 옮김,Book Plaza(북플라자),2023,9791190157551,03840,,843.6,문학 > 영미문학 > 소설,https://image.aladin.co.kr/product/31427/37/cover/k532832215_1.jpg,https://data4library.kr/bookV?seq=6668806,1110
180,181,181,가녀장의 시대 :이슬아 장편소설 ,지은이: 이슬아,문학동네,2022,9788954688796,03810,,813.7,문학 > 한국문학 > 소설,https://image.aladin.co.kr/product/30261/10/cover/8954688799_1.jpg,https://data4library.kr/bookV?seq=6570833,1109
181,182,181,누굴 죽였을까 :정해연 장편소설 ,지은이: 정해연,교보문고,2024,9791170611028,03810,,813.7,문학 > 한국문학 > 소설,https://image.aladin.co.kr/product/33516/50/cover/k902938557_1.jpg,https://data4library.kr/bookV?seq=6837916,1109
182,183,183,정의란 무엇인가 ,지은이: 마이클 샌델 ;옮긴이: 김명철,미래엔,2014,9788937834790,03300,,193,"철학 > 윤리학, 도덕철학 > 국가 및 정치윤리",http://image.aladin.co.kr/product/10826/23/cover/k742530554_1.jpg,https://data4library.kr/bookV?seq=2763903,1108
183,184,183,나의 돈키호테 :김호연 장편소설 ,지은이: 김호연,나무옆의자,2024,9791161571768,03810,,813.7,문학 > 한국문학 > 소설,https://image.aladin.co.kr/product/33798/94/cover/k852930477_1.jpg,https://data4library.kr/bookV?seq=6862019,1108
184,185,185,"딸아, 돈 공부 절대 미루지 마라 :돈과 인생에 대한 가장 현실적인 조언 50 ",박소연 지음,메이븐,2023,9791190538572,03190,,327.04,사회과학 > 경제학 > 금융,https://image.aladin.co.kr/product/31657/95/cover/k092833678_1.jpg,https://data4library.kr/bookV?seq=6693602,1107
185,186,186,상실의 시대 :무라카미 하루키 장편소설 ,지은이: 무라카미 하루키 ;옮긴이: 유유정,문학사상,2011,9788970123691,03830,,833.6,문학 > 일본문학 > 소설,https://bookthumb-phinf.pstatic.net/cover/000/203/00020349.jpg?type=m1&udate=20120904,https://data4library.kr/bookV?seq=863463,1105
186,187,186,"첫 여름, 완주 :김금희 장편소설 ",저자 : 김금희,무제,2025,9791197221989,03810,,813.7,문학 > 한국문학 > 소설,https://image.aladin.co.kr/product/36275/58/cover200/k692038832_1.jpg,https://data4library.kr/bookV?seq=7051689,1105
187,188,188,빛이 이끄는 곳으로 =백희성 장편소설 /La ou la lumiere me conduit ,지은이: 백희성,책읽어주는남자,2024,9791193937198,03810,,813.7,문학 > 한국문학 > 소설,https://image.aladin.co.kr/product/34449/77/cover200/k052932333_1.jpg,https://data4library.kr/bookV?seq=6932136,1104
188,189,189,28 :정유정 장편소설 ,지은이: 정유정,은행나무,2013,9788956607030,03810,,813.7,문학 > 한국문학 > 소설,https://bookthumb-phinf.pstatic.net/cover/072/241/07224178.jpg?type=m1&udate=20141022,https://data4library.kr/bookV?seq=1945948,1103
189,190,190,연남동 빙굴빙굴 빨래방 :김지윤 장편소설 ,지은이: 김지윤,팩토리나인,2023,9791165347734,03810,,813.7,문학 > 한국문학 > 소설,https://image.aladin.co.kr/product/32131/89/cover/k742834302_1.jpg,https://data4library.kr/bookV?seq=6738246,1099
190,191,191,달까지 가자 :장류진 장편소설 ,지은이: 장류진,창비,2021,9788936434496,03810,,813.7,문학 > 한국문학 > 소설,https://image.aladin.co.kr/product/25967/86/cover/k122737220_1.jpg,https://data4library.kr/bookV?seq=5957041,1098
191,192,192,희망 :양귀자 장편소설 ,지은이: 양귀자,쓰다,2020,9788998441081,03810,,813.62,문학 > 한국문학 > 소설,https://image.aladin.co.kr/product/24415/15/cover/899844108x_1.jpg,https://data4library.kr/bookV?seq=5701868,1095
192,193,193,팩트풀니스 :우리가 세상을 오해하는 10가지 이유와 세상이 생각보다 괜찮은 이유 ,"지은이: 한스 로슬링,옮긴이: 이창신",김영사,2019,9788934985068,03300,,331.1,"사회과학 > 사회학, 사회문제 > 사회학",https://image.aladin.co.kr/product/18456/45/cover/8934985062_1.jpg,https://data4library.kr/bookV?seq=5371595,1093
193,194,193,포스 윙 ,레베카 야로스 지음 ;이수현 옮김,미래엔,2024,9791168418455,03840,,843.6,문학 > 영미문학 > 소설,https://image.aladin.co.kr/product/34155/96/cover200/k192931590_1.jpg,https://data4library.kr/bookV?seq=6892687,1093
194,195,195,패배의 신호 ,지은이: 프랑수아즈 사강 ;옮긴이: 장소미,녹색광선,2022,9791196554866,03860,,863,문학 > 프랑스문학 > 소설,https://image.aladin.co.kr/product/28529/1/cover/k612835031_1.jpg,https://data4library.kr/bookV?seq=6365150,1081
195,196,196,포스트맨은 벨을 두 번 울린다 ,제임스 M. 케인 [지음] ;이만식 옮김,민음사,2007,9788937461699,04800,169,843,문학 > 영미문학 > 소설,https://bookthumb-phinf.pstatic.net/cover/043/929/04392991.jpg?type=m1&udate=20150715,https://data4library.kr/bookV?seq=2181765,1071
196,197,197,노르웨이의 숲 =Noruuei no mori ,지은이: 무라카미 하루키 ;옮긴이: 양억관,민음사,2013,9788937463105,04800,310,833.6,문학 > 일본문학 > 소설,https://bookthumb-phinf.pstatic.net/cover/072/855/07285591.jpg?type=m1&udate=20130904,https://data4library.kr/bookV?seq=2376426,1070
197,198,198,이기적 유전자 ,리처드 도킨스 지음 ;이상임 옮김,을유문화사,2018,9788932473901,03470,,491.51,자연과학 > 동물학 > 일반 동물학,https://image.aladin.co.kr/product/17048/25/cover/8932473900_1.jpg,https://data4library.kr/bookV?seq=3921678,1069
198,199,198,숨결이 바람 될 때 :서른여섯 젊은 의사의 마지막 순간 ,폴 칼라니티 지음 ;이종인 옮김,흐름출판,2016,9788965961956,03840,,848,문학 > 영미문학 > 르포르타주 및 기타,http://image.aladin.co.kr/product/8992/81/cover/8965961955_1.jpg,https://data4library.kr/bookV?seq=3289350,1069
199,200,200,스토너 :존 윌리엄스 장편소설 ,지은이: 존 윌리엄스 ;옮긴이: 김승욱,RHK(알에이치코리아),2015,9788925554990,03840,,843.5,문학 > 영미문학 > 소설,http://image.aladin.co.kr/product/5100/19/cover/8925554992_1.jpg,https://data4library.kr/bookV?seq=2617230,1068
